台灣,大賽,／,關鍵,時刻,沒,發揮,　,丘,總,肯定,選手,整季,貢獻
台灣,大賽,／,這,球衣,沒得,買,　,兄弟,、,統一,各,一半
可愛動,物區,看,嘸,羊,！,　,牠,抬頭,露出,「,黑臉,問號,」,笑,噴網,：,來代班,的,？
星座,迷必收,！,　,apm, ,MONACO,占星,飾品,耍,高調
不敢,尿,尿,！,她,憋,到,感染,…,淚,曝,「,公婆,超,噁,習慣,」,：,全家,上,一輪,才能,沖
拿,木棍,「,撂倒,土地公,」,竊紅包,600,元,　,法官,批賊持,兇器,加重,判刑
不想,iPhone, ,12,保護殼,留下,圓形,印記,　,MagSafe,清潔,全攻略,！
小資族,邁進,投資,第一步,！,　,100,元小額,投資法,大公,開,　
娃娃,機店,樓,上,是,賭場,！,15,警拔,槍,衝入,喊,：,不要,動,...,美女,荷官嚇,傻
謝,金河,：,螞蟻,集團,上市,突,喊停,　,可能,牽動,中南海,政局,變化,「,3,大重點,」,！
拜登,圓總統,夢,！,韓粉,狂喊,「,韓總,再起,」,　,朱學恒,：,拜,託,別來,亂
台灣,大賽,／,佛,斯特,說,明羅傑斯,、,德,保拉,被,打,　,德,保拉,投完,最後一戰
秒,飛北國,仙境,！,苗栗,落羽,松紅,了,...,百棵立,於,池中超,有情,調
台灣,大賽,／,猛威爾,G7,場邊,牛棚,待命,　,餅總,：,猛,不是,叫,假,的
KID,曝,《,玩,很大,》,錄影,吃,飯,「,留,位置,給,小鬼,」,：,他永遠,在,我們,心中
中國恐,失望,！,路透,：,拜登,「,抗中,態度,」,比川普,更強,硬,　,曾,稱習,為,惡霸
愛犬,走失,2,個,月,！,姊妹,見,「,熟悉,身影,」,摀,嘴,痛哭,　,畫面,感動,萬人
台灣,大賽,／,獅飛,起來,　,周思齊,反制,鳥類,：,降龍,十八掌,差,最後一掌
麗寶賽,車場,辦,滑步,車競速,　,300,「,超萌,選手,」,上場,超療,癒
拜登,熬,32,年,選上,總統,！,陳,揮,文喊話,韓國瑜,　,網沸騰,：,韓總,再起,！
吳釗燮感,謝川普,：,讓,台灣變,更,強大,安全,　,對,人民,而言,是,不朽,遺產
竹市,人安,基金,會,、,聖光,教會,梯間,起火,　,9,人,自行,脫困,虛驚,一場,　,　
阿公,過世留,房,！,流浪,叔,「,搶先,搬入,」,他怒,開告,　,網抓,疑點,：,特留分,呢
台灣,大賽,／,G7,打線,出爐,　,兄弟,「,避亞,」,大變陣,、,江亮,緯,再,扛,第,1,棒
北捷,「,噴,X,王,」,是,他,！,　,12,年犯,11,起性,騷案,　,OL,遭頂,怒,報警
299,元,韓式,年糕,火鍋,吃,到,飽,　,3,家,美食,新櫃,進駐,環球,桃園,A8
多維,TW,／,讓,習近,平,按,下,武統,暫,停鍵,　,才,是,台灣,社會,亟需,的,共識
驚悚,影片,！,台中,女,走出,公司,遭鋁棒,暴打,　,轉身,竟是,前男友,…,她,重傷,送醫
金融股,落難,「,清一色,貼息,」,　,存股,達,人,曝,：,有,5,檔跌,到,合理,價位,！
多維,TW,／,民進,黨,的,「,癡,」,美派
李壽根,「,節拍,加快,2,倍速,」,攝影師,笑,到,發抖,　,圭賢,激動,咆哮,：,五花肉,！
跳進,美式,小鎮,吃,爆米花,！,亞洲,第一家,爆米花,觀光,工廠,　,90cm,孩童,免費爽,玩,DIY
違規,丟,垃圾,怕,被,罰,⋯,他,「,闖紅燈,逃跑,」,遭,輾斃,　,北市,環保局,：,依法,執勤
百年,靈,、,勞,力士,搶,女性,市場,　,彩色,面盤,鍊,帶,錶,正,夯
海協會,張志,軍,：,繼續,拿出,有效,措施,支持,台商
拜登,隔,32,年,當上,總統,　,陳,揮文,：,這給,韓國瑜,很,好,的,啟示
演說,全文,／,拜登,承諾,「,團結,社會,」,療,癒,美國,靈魂,　,立刻,展開,防疫,工作
舌頭,「,擺,對,位置,」,瘦雙,下巴,！,4,大,神奇,效果,醫激,推,：,牙齒,不會長,歪
拜登,勝選演,說,「,緬懷長,子,」,！,　,現場,配酷,玩,名曲,「,繁星,」
每天,上課,凝聚,！,親妹,加入,直銷,「,狂虧,60,萬,」,　,偷錢,買產品,：,會,賺,回來
川普想,複,製,「,小布希,模式,」,保總統,大位,！,　,靠,法律,求逆轉
陽明山,「,藍寶,石泉,」,秘境,滿到,明年,3,月,！,第二,梯次,開放,不到,一天,就,搶光
新加坡,入境,鬆,綁,「,持陰性,證明,無,需檢疫,」,　,羅,一鈞,：,台灣,暫,不,跟,進
媽專心,辦公,！,柴柴,抓手,討摸,　,渴望,眼波,萌饋頭,：,拜,託,陪,偶
阿金,溺水,！,豬隊友,秒,救援,　,網見,「,無奈,白眼,」,笑,翻,：,來亂,的
找,了,她,10,年,！,　,吳,青峰,「,肉,搜,」,成功,最狂,嘉賓,　,合體,嗨,喊,：,太囂,張,了
恭喜,！,《,大餓,》,蔡嘉茵,穩交,5,年,男友,「,公器私用,」,　,動員,60,人,求婚,成功
目睹,婆婆,怒,抓,2,歲,女兒,譙,「,死,小孩,」,！,丁寧,痛哭,…,老公,1,舉動,化解,Man,炸
深夜,10,點放煙火,「,爆破音,狂炸,」,！,住戶,怒理論,　,男,嗆,：,出事,我,賠得,起
放風,被,抓,包,！,功夫,鼠,「,後,空翻,一圈,」,裝沒事落,跑,　,媽看,傻
Google,地圖,不準,、,身分,證可印,第三性,　,她,待,印度,8,年,：,沒人,可,改變
規模,更勝,去年,！,2020,空山,祭即,將開幕,　,山中,奇幻,世界,等,你,來,拜訪
男登,雪山,高山症,發作,「,咳血,」,　,空勤,直升,機,1,小時,吊掛,送醫
吳彥,祖滄桑,近況,曝,！,　,片場,被,拍,真實,面貌,「,這是,大叔,吧,」,網分,兩派,掀戰
中國,天津,增一,本土,疫情,　,冷凍庫,裝卸工,肺,CT,呈,「,磨砂玻璃,」
快訊,／,疑風,浪過,大,！,1551,噸半貨櫃,船,進港,擦,撞,金門料,羅,碼頭
讓,妳,的,衣服,看起,來,更,高檔,的,穿,搭小訣,竅,　,只要,5,樣,基本,單品,就夠
「,i,郵箱,」,成詐,騙,工具,　,設計師,遭騙,帳密,...,買門票,6,千元,被,盜,4,萬
外帶,豆花,…,不爽,「,袋子,要,加價,1,元,」,！,金融,女老,闆,狠,甩,店員,巴掌
拜登,勝選,對,中國,「,沒什麼,大不了,」,　,他,揭關鍵,：,台灣,重要性,自然,下降
拜登,當選,　,經濟部,：,美跨,黨,派,支持,簽貿易,協定,「,TIFA,」,復,談,機會,高
其實過,去,超,「,挺韓,」,！,拜登,當選,「,南韓,超爽,」,...,文在寅,盼,砍,駐,軍費
川普,最後黃金,30,天,！,想,翻盤,結果,「,只,剩,這段,時間,」,　,一出,錯整,黨全,下去,陪葬
蔡易,餘,戴,口罩,挺,「,我川,威武,」,　,網朝,聖酸爆,：,臉太腫,了,！
HONDA,推,「,HR,-,V,無限,Mugen,」,原廠,空力,套件,！,選配價,3.5,萬當帥,哥
雙,11,最大,咖,！,板橋,千萬,住宅,11,元,起標,　,建商,：,標,多少,賣,多少
網路,地圖,找,不到,！,台南,無名現,烤,泡,芙,　,咬下,爆超,濃卡士,達醬
台灣,大賽,／,兄弟,打線,守備,變陣,　,潘志芳,、,陳,子豪,先發
超狂,成分,曝,！,密醫稱,大腸癌,喝,藥汁,就,好,　,一查,驚見,百種,「,不,知名,」,藥材
蔡依林,「,0,偽裝,」,現身,教室,烤,蛋糕,！,　,正面,美照,曝,…,網激動,：,求,巧遇
「,我,發燒,有,接觸,大陸,回台,友人,」,　,宜蘭,男,打,119,亂報,下場慘
NCT,新成員,「,視訊,簽售,太,可,愛,」,路人,都,入,坑,！,　,6,動圖,萌問,：,可以,拍照,嗎
一次,2000,元,！,他,嫌,物理,治療,「,跟,國術館,沒,兩樣,」,　,網點,1,關鍵,：,合理
台灣,大賽,／,記者,會,突然,離席,　,丘,總,道歉,坦言,當下,有點,情緒
四人,也,能,包棟,玩,！,台南,隱藏版,溫馨,老宅,　,還有,穿越,時空,的,懷舊,天井
離島,第一,！,金門,縣府,攜手,KKday,　,加速,推動,觀光,產業數,位化,、,國際化
影,／,新冠,肺炎,一週增,19,例,境外,移入,「,創,4,月,來,新高,」,　,這國家,佔,最,多
台灣,大賽,／,兄弟,無,退路,！,羅,傑斯黃恩賜,待命,　,張,志豪,詹子賢,未,先發
P,.,League,+,／,高國豪,「,松山,對決,」,　,最,期待,對戰,Q,戴維斯
陸黨,媒轉,發川普,「,勝選,」,推文,　,留言,「,HaHa,＋,嘲笑,臉,」,後,秒,刪
馬,友友,來台,表演,不能,接觸民眾,　,「,隔離,7,天採,檢陰性,」,就,可,演出,！,　
東森,全球,新連鎖,高雄,總部,成立,　,王令麟,：,帶給,高雄人,更好,賺,錢,機會,！
把員,工當,垃圾,！,她,營業,時間,「,怒開,賣場,廣播,辭職,」,　,連飆,6,句,XXX,嗆,爆,主管
女,大生,3,天,沒,到校,！,同學急,PO,文尋人,…,高雄警,「,男友,家,」,找到,她
宜蘭,秋天,必去,落羽,松景點,懶人包,　,漸層,落羽松,宛如,置身,仙境
藍營疑,「,川普輸,了,還進,口萊豬,嗎,？,」,　,王浩宇,：,YES
吸,菸,證實,傷腦,！,醫,「,抽,200,人龍,骨水,分析,」,：,失智症,有害物,質,增加
李榮浩,「,滿滿,粉色,」,隔海,送,愛,　,霸氣,喊,話,楊丞琳,「,唱,完給,我,回來,」,閃炸,！
土城,爆,「,內褲,男,攻擊路,人,」,...,夜歸,女大,喊救命,狂奔,！,警方,曝,真相
發推特,講成,「,拜,蔡通話,」,…,朱辦,批蘇貞昌,「,欺騙,成習慣,」,：,外交,禮儀,認識,不足
秋冬,嘴唇,乾裂,、,死皮,多,？,網推,5,大,「,潤唇,神器,」,一滴,擺脫,酸梅,嘴
川普選輸,氣炸,！,外媒,踢,爆,：,不,出席,拜登,就,職典禮,　,無意,承,認敗,選
企聯,女壘,／,台北,體育,局長,現身,贈球,　,盼,「,合作,」,讓,壘,球,更好
117,歲,福岡,嬤,每天,喝,3,罐可樂,　,明年,5,月,將擔,任奧運,的,火炬手
台南,自助,洗衣店,疑,串接,液化,石油,氣鋼瓶,使用,導致氣,爆火災,　,消防局,要,開罰
賀,拜登,當選,…,盧秀燕,：,把握,台美關,係,新,契機,！,籲,重新,審視萊豬,議題
Bo,妞,遺傳,修杰楷,「,180,公分,長,腿,基因,」,！,　,姊妹,差,2,歲,…,身高,逼近,咘,咘
川普,發動,法律,戰,「,讓,國際,形勢,蘊含,高度,風險,」,　,藍委籲,：,兩岸,一定,要,自制
4,境外,移入,分別,來,自,印尼,、,菲律賓,　,菲籍,移工,「,時陰,時陽,」,4,採確診
5566,紅遍,海外,連總理,夫人,都,愛,！,　,孫協志險,入籍,新加坡
拜登,當選,　,分析,師,：,華為,、,綠能,概念股,將,得利
4,年,免學,雜費,還補助,每月,1.2,萬,　,中央,大學,攜,手國,防部,立,「,國防學士,班,」
拒花,冤枉,錢,！, ,抓漏,前要,知道,的,2,件,事
暴龍,新,球季,有家,歸,不得,　,尋找,替代,主場,紐澤西成,選項
拜登,當選,影響,美國,對,台,軍售,、,台美貿易,？,　,蔡,英文,高層,曝關鍵,分析
拜登,將聯,歐制,中,　,陸,「,網紅,」,分析,師任澤平,：,中,美,博弈,有長,期性
未來,出版社,、,文學,籤,詩幫,解惑,！,全,台,最大,文學史,展覽,登場
人夫,在,遊戲,課,129,萬想當,「,第一,霸主,」,　,被,妻,罵,爆後失聯
拜登,當選,！,　,王,美惠,憂,：,假帳,號帶,風向,酸,「,民進,黨,押,錯,寶,」
蔡,英文,一早,邀蘇貞昌,、,國安團隊,討論,美選,情勢,　,跨黨,派,挺,台,模式,曝
「,每,一票,都,重要,珍貴,！,」,　,柯文,哲,恭喜,拜登,當選,：,盼台,美邦誼,永固
黨政高層,：,蔡,英文,1,招,攻破,「,押寶說,」,　,「,押,中,反美,」,成國民黨,新路,線
「,終,止清,境綿,羊秀,」,附議,破,3,千人,　,正反,意見,砲,轟,：,羊該,何去,何,從,？
雷,／,秀智拉過,來,主動親,了,南柱赫,！,互相,凝視,「,吻,超深,」,長,達,2,分鐘
歐陽,娜娜,「,潮流,造型,」,遭吐槽,！,豹紋,、,背心,裝硬,穿,上身,　,網,：,難,懂
紐約,年,收,300,萬,族群,出走,！,　,湧入,3,地,：,消費,更,低空,間,卻,更,大
進社區,拒量,體溫,…,台中,男,抓,衣領,「,暴打,保全,」,慘了,！,公司,揪,他,上,法院
李沛旭官,宣,「,換新,身分,」,！,　,喜悅,藏不住,：,好久,沒有,這種,感覺
密集,慎入,！,台東,體育場,驚見,「,上萬條,蚯蚓,竄,出,」,　,民眾,憂,地震,前兆,　
日職,／,坂本勇,人達成,2000,安打,　,史上,最年,輕右,打
雙,11,搶起,來,！,泡,湯賞,山景,「,露天,風呂免,500,元,」,五星,飯店,下,殺,4.6,折
台灣,大賽,／,蘇智傑,還沒到,天花板,　,劉育辰,看好,超越,三老
LIVE,／,一週,19,例,！,今確,診再,+,4,　,指揮,中心,14,:,00,最新,說明
BBC,：,拜登,勝選,「,中國,失望,了,」,！,少一,關鍵,動作,　,北韓,砲,火,可能,回歸
快訊,／,宜蘭酒,駕,男右,轉撞,7,機車,再衝,人行道,　,2,男排,隊買,飲料,也,掛彩
台灣,大賽,／,杜家,明,、,林明杰,都,上場,　,兩隊,56,人,都,出賽,了
騎,自行,車,「,卡,踏板,」,跌倒,　,陳,漢典,極限,挑戰險,失溫
正妹,街頭,鞭打,跪,爬,男,「,你,像,狗,一樣,」,　,路人,圍觀,PO,網,！,牽出,SM,殺人案
獨,／,睽,違,13,年,登大銀幕,！,李亮瑾,化身,「,通靈,少女,」,挺孕,肚揮,桃木,劍
KIA,品牌,蛻變,首作,　,「,大,改款,Sorento,」,旗艦,7,人座,AWD,休旅試,駕,！
推特,第一,魯蛇,！,搜尋,「,Loser,」,驚見川,普躍升,冠,軍,　,網,留言,揭殘酷,現實
閨蜜,脫單,「,大變,暴走,妹,」,！,男友,叫囂,打,同學,　,她,曝,4,惡行,：,太過,分
遭控,「,下雨,退,通告,」,…,鍾,明軒,回應,了,！,　,放鳥,知名,綜藝節,目內幕,瘋傳
基隆,毒販,3,度,遭圍,捕,都,脫,逃,　,車停,路邊,改,搭,小,黃,秒,被,逮
星宇,航空,申請,15,條,「,北美,航權,」,獲交部,核,可,　,預計,2022,年,起,開航
台灣,大賽,／,米蘭達,決戰泰迪,　,運彩,看好,中,信封,王
「,川普,、,拜登,都,反中,」,　,陳,水扁,：,我,不,認為,會,有,太大,改變
米格,魯越,獄,到,一半,抬頭,對,到,眼,　,掛,空中,「,尷尬,微笑,」,：,你,回來,啦
屏東,男,4,度酒,駕,！,檢,：,「,5,年,內,3,犯,」,不准,易科罰,金,...,法官,說,可以
快訊,／,CNN,：,川普,女婿,勸,說,承,認敗,選,！,　,時間點,曝光
撇當,中國版馬斯克,　,陸,第二枚,民營,運載,火箭,「,穀,神星,一號,」,發射
日職,／,陽岱,鋼連,兩戰,先發,　,坂本勇,人,拚,2000,安打差,1,支
「,漫畫,寶寶,午睡,毯,」,爸媽,必收,！,熟睡,嫩,嬰變,故事,主角,　,腹黑,對,話,太,搞笑
拜登,當選美國,總統,　,黃,偉哲,：,與,美,兩黨,平行,交往,是,國家,最大,利益
宏達電,執行長,頻換將,　,王雪紅親,自,兼任,「,營收,仍,無,起色,」
嘉義男酒,駕直,衝電桿,畫面,曝,！,　,倒楣,女,騎士,遭,「,脫落,電線,」,勒傷
熊熊,罕見,關濾鏡,！,　,0,底妝,超近,自拍,「,真面目,現形,」,…,網看,傻,：,不敢相信
賀軍翔頭,頂,「,脂肪瘤,」,引發,高血壓,　,什麼,是,脂肪瘤,？,7QA,一次,搞懂
餅乾掉,滿地,急,拿,掃,把,！,　,他,見,畚斗,「,長,滿貓,」,默默,用手,撿
又,咬,拖鞋,！,　,阿金,被,罵,「,皺眉裝,委屈,」,狂,伸手,：,麥生氣,啊
收到,「,建物,快,篩,結果,通知,」,公文,　,以為,自家,變危樓,！,營建署,說,原因
開啟,震動,模式,！,　,超,ㄎ,ㄧ,ㄤ,鸚鵡,「,魔性,搖落,去,」,網看,傻
女星,為,偶像,劉德華,「,堅持,做,的,事,」,　,枕邊,人,結婚,一年,才,發現
陳,水扁,：,阿扁,當選,總統,　,拜登,先訪,問台灣,再,到,中國
鄰居貓,無辜,臉,「,俯視,鳥籠,」,眼神,超憐憫,　,網,：,想試,吃,？
【,台灣版,的,普羅旺斯,】,回家吧,！,走訪,脫,鞋子,的,禮納里,部落
打架,到,一半,黑,喵,霸道,「,強抱示,愛,」,　,牠,呆,站,定格,：,心動,惹
拜登,贏了,！,詹姆斯,、,柯瑞,不再,拒絕,接見,　,將,重返,白宮,作客
熬過,30,次化療,！,余苑,綺,花蓮,度假,曬,「,全家,出遊照,」,　,網淚,：,最美,畫面
各國,政客,接連祝賀,拜登,！, ,　,墨西哥,總統,直言,：,現在,說,恭喜,還太早
比,宣布,敗選還,糗,！,川普陣,營出,包,「,記者,會訂,錯,地點,」,　,對面,竟是,火葬,場,…
今年,鐵道,便,當節,11,/,13,登場,　,紅色,E6,系,、,藍色,E7,系新,幹線,便當,限量,賣
美國,眾星,洗版,狂賀,拜登,當選,！,「,她,」,辣秀,「,翹,臀,狂抖動,」,熱舞,影片
拜,登上,台,　,香港,學者,雷鼎鳴,：,有,機會,降低,對,中國,關稅
林道,遠,結婚,5,年,為,妻結,紮,！,　,揪,妻,逛,賣場,「,不,推車,也,維持,1,溫暖,舉動,」
日職,／,王彥,程參加,秋季,聯盟,　,佐佐木,朗希,、,吉田輝星,也,參賽
今年,最後機會,！,水星,西大距,11,日登場,　,往東南,東方,看,有,「,白色,光芒,」
住展,風向球,分數,創,新高,！,北台,灣,新建,案,大增,　,10,月份,買氣超,蓬勃
世界,盃,女桌,／,陳,思羽,小,組賽,今開,打,　,ITTF,點名,看好,鄭怡靜,奪牌
騎士夜,闖中橫,管制,區,「,跳,百米,懸崖,」,失,蹤,36hrs,…,警消,+,7,空拍機,搜救
馬,英九稱,「,對,舔,共,沒興趣,」,　,蘇貞昌酸,：,嘿嘿,！,他,自己,去講,的
趙,小僑頻,道破,10,萬訂閱,！,拿,獎牌,感言,「,全是,兒子,」,超有,愛
網,友,讚,：,「,史上,最,可愛孟婆,」,　,邵雨薇,「,保養,4,招,」,養出,少女,萌臉
中,印,第八,輪軍長,級,會,談,　,確保部隊,克制,「,避免,誤判,」
不能,賣新車,還要,賠,500,萬,！,雪鐵龍告,「,Volvo,子,品牌,」,抄襲,商標
加油,要,快,！,汽柴油,明天,起調,漲,一角,「,九五,汽油,來,到,23.1,元,」
男載,9,支,「,笑氣,」,鋼瓶,要,開,趴,遭,攔查,　,《,毒管法,》,最高,罰,30,萬
敗選,＋,病毒,逆襲,！,川普陣,營爆,「,內鬥,」,究責,口水,戰,　,女婿,秒,成,箭靶
賞楓,看雲海,、,泡,泥漿,溫泉,！,2,天,1,夜,秋日,賞楓,輕,旅行,四大,提案,　
玉米,濃湯,、,飲料,免費續,！,高雄,老牌,平價,牛排,店,　,老,饕,最,愛,「,香辣,醬,」
捷報,！,世界,青少年,發明,展台,灣奪,28,金,　,大會,總,金牌,數,47,面佔,6,成
南,韓外長,火速,訪美,！,估,「,提早,一步,」,接觸,拜登,陣營,...,將與,他,會,談
「,馬,上解,約,我,就,租,妳,！,」,隔天,卻,慘炸,　,房東狂,道歉,：,就當,我,是,壞,人
小鮮肉,→,貓,大叔,！,養,7,年,整組,走鐘,「,肉,全,鬆,掉,」,　,網笑,：,回不去,了
台灣,大賽,／,決勝,第七,戰,前夕,　,彭政閔,寫給,球迷,的,話
拜登,發表勝,選演,說,　,牽動,台灣,選舉,賭盤,…,川粉,：,輸贏,未定
嘉義男酒,駕,失控,撞斷,電桿,！,　,害女,騎士,慘遭,「,脫落,電線勒頸,」
竹聯幫,孝堂,幹部,身,揹,「,8,條通,」,　,躲,台南,偏鄉,當筍,工被,揪出
台灣,大賽,／,3,勝,3,敗後決勝,第,7,戰,　,韓媒,也,關注
流動,廁所,「,排泄物,大不滿,」,　,內,行人,揭,：,做,這行,超,賺,...,薪水,曝光
拜登,勝選,　,游錫堃,：,美國會,重視,台灣,，,不管,哪黨,執政,都,一樣
爸,演奏,到,一半,打雷,！,　,柴柴,「,躲,大提琴,」,飛機,耳瞇眼,：,人家,怕怕
台灣,大賽,／,最終,第七,戰勝者,奪冠,　,洋投,無,保留,全押,了
貫通,「,川藏,鐵路,」,　,習近,平下,指示,：,鞏固,邊疆,、,維護,國家統,一,　
台南市,全民,趣味,運動嘉年,華新營,開幕,　,黃,偉哲,與,民同樂
拜登,當選,對,台,經貿,影響,怎麼,看,？,　,智庫,專家,：,大方向,不變,　,台,科技,大廠,仍將,赴美,設廠,！
蘇貞昌口誤,「,蔡,英文,致電,拜登,」,　,國民黨,提醒,：,別押,錯寶就,急,著表態
熟女,與,父,吵架,負氣,離家,半年,　,正妹警,一句,「,你,是,我,要,找,的,人,」,破心防
拜登,主政,「,美中,台關,係,」,受矚,　,林為洲,：,將邀,蔡,政府,到,立院,專案,報告
加班,男,天天,喝,奶茶,！,3,個,月,後,卻,「,暴瘦,10,公斤,」,　,抽血,一看,驚,呆
